{"cameraMode":{"drawMode":31,"name":"Sprite Mask","section":"Miscellaneous"},"sceneLighting":true,"audioPlay":false,"sceneViewState":{"m_AlwaysRefresh":false,"showFog":true,"showSkybox":true,"showFlares":true,"showImageEffects":true,"showParticleSystems":true,"showVisualEffectGraphs":true,"m_FxEnabled":true},"in2DMode":false,"pivot":{"x":84.44085693359375,"y":28.829692840576173,"z":54.47529220581055},"rotation":{"x":0.7225428819656372,"y":-0.019691389054059984,"z":0.020598022267222406,"w":0.6907387375831604},"size":62.46992111206055,"orthographic":true}