{"cameraMode":{"drawMode":31,"name":"Sprite Mask","section":"Miscellaneous"},"sceneLighting":true,"audioPlay":false,"sceneViewState":{"m_AlwaysRefresh":false,"showFog":true,"showSkybox":true,"showFlares":true,"showImageEffects":true,"showParticleSystems":true,"showVisualEffectGraphs":true,"m_FxEnabled":true},"in2DMode":false,"pivot":{"x":95.83717346191406,"y":7.525735855102539,"z":100.07667541503906},"rotation":{"x":-0.0027801855467259886,"y":-0.8737679719924927,"z":0.4863402545452118,"w":-0.004980958066880703},"size":33.3056526184082,"orthographic":true}