{"cameraMode":{"drawMode":31,"name":"Sprite Mask","section":"Miscellaneous"},"sceneLighting":true,"audioPlay":false,"sceneViewState":{"m_AlwaysRefresh":false,"showFog":true,"showSkybox":true,"showFlares":true,"showImageEffects":true,"showParticleSystems":true,"showVisualEffectGraphs":true,"m_FxEnabled":true},"in2DMode":false,"pivot":{"x":105.58233642578125,"y":4.914785861968994,"z":108.63461303710938},"rotation":{"x":0.06015865132212639,"y":0.9002646207809448,"z":-0.41049155592918398,"w":0.13193964958190919},"size":80.10456848144531,"orthographic":true}