{"cameraMode":{"drawMode":31,"name":"Sprite Mask","section":"Miscellaneous"},"sceneLighting":true,"audioPlay":false,"sceneViewState":{"m_AlwaysRefresh":false,"showFog":true,"showSkybox":true,"showFlares":true,"showImageEffects":true,"showParticleSystems":true,"showVisualEffectGraphs":true,"m_FxEnabled":true},"in2DMode":false,"pivot":{"x":7.439675331115723,"y":0.7284355163574219,"z":0.6035475730895996},"rotation":{"x":-0.08577795326709748,"y":-0.5174570679664612,"z":0.05204877257347107,"w":-0.8498589992523193},"size":1.0299485921859742,"orthographic":true}