{"cameraMode":{"drawMode":31,"name":"Sprite Mask","section":"Miscellaneous"},"sceneLighting":true,"audioPlay":false,"sceneViewState":{"m_AlwaysRefresh":false,"showFog":true,"showSkybox":true,"showFlares":true,"showImageEffects":true,"showParticleSystems":true,"showVisualEffectGraphs":true,"m_FxEnabled":true},"in2DMode":false,"pivot":{"x":4.5909318923950199,"y":0.7425131797790527,"z":9.404215812683106},"rotation":{"x":0.14659710228443147,"y":-0.2349822223186493,"z":0.03587315231561661,"w":0.9602205753326416},"size":3.4032788276672365,"orthographic":false}