{"cameraMode":{"drawMode":31,"name":"Sprite Mask","section":"Miscellaneous"},"sceneLighting":false,"audioPlay":false,"sceneViewState":{"m_AlwaysRefresh":false,"showFog":true,"showSkybox":false,"showFlares":true,"showImageEffects":true,"showParticleSystems":true,"showVisualEffectGraphs":true,"m_FxEnabled":true},"in2DMode":false,"pivot":{"x":8.795612335205079,"y":1.4588909149169922,"z":8.437125205993653},"rotation":{"x":0.20726507902145387,"y":-0.015871116891503335,"z":0.0033617382869124414,"w":0.9781543612480164},"size":0.000016797937860246748,"orthographic":true}