{"cameraMode":{"drawMode":31,"name":"Sprite Mask","section":"Miscellaneous"},"sceneLighting":false,"audioPlay":false,"sceneViewState":{"m_AlwaysRefresh":false,"showFog":true,"showSkybox":false,"showFlares":true,"showImageEffects":true,"showParticleSystems":true,"showVisualEffectGraphs":true,"m_FxEnabled":true},"in2DMode":false,"pivot":{"x":-2.3676693439483644,"y":0.8028797507286072,"z":-3.0013322830200197},"rotation":{"x":0.029663925990462304,"y":-0.7431079149246216,"z":0.6677007675170898,"w":0.033015068620443347},"size":19.872533798217775,"orthographic":true}