{"cameraMode":{"drawMode":31,"name":"Sprite Mask","section":"Miscellaneous"},"sceneLighting":false,"audioPlay":false,"sceneViewState":{"m_AlwaysRefresh":false,"showFog":true,"showSkybox":false,"showFlares":true,"showImageEffects":true,"showParticleSystems":true,"showVisualEffectGraphs":true,"m_FxEnabled":true},"in2DMode":false,"pivot":{"x":91.69046783447266,"y":1.0601980686187745,"z":131.36932373046876},"rotation":{"x":0.20726507902145387,"y":-0.015871116891503335,"z":0.0033617382869124414,"w":0.9781543612480164},"size":0.000019781558876275085,"orthographic":true}