{"cameraMode":{"drawMode":31,"name":"Sprite Mask","section":"Miscellaneous"},"sceneLighting":false,"audioPlay":false,"sceneViewState":{"m_AlwaysRefresh":false,"showFog":true,"showSkybox":false,"showFlares":true,"showImageEffects":true,"showParticleSystems":true,"showVisualEffectGraphs":true,"m_FxEnabled":true},"in2DMode":false,"pivot":{"x":-0.25238245725631716,"y":0.2589966654777527,"z":0.03744468092918396},"rotation":{"x":-0.003518628655001521,"y":-0.2161029577255249,"z":-0.000778603192884475,"w":0.9763873815536499},"size":0.3759405016899109,"orthographic":true}