{"cameraMode":{"drawMode":31,"name":"Sprite Mask","section":"Miscellaneous"},"sceneLighting":true,"audioPlay":false,"sceneViewState":{"m_AlwaysRefresh":false,"showFog":true,"showSkybox":false,"showFlares":true,"showImageEffects":true,"showParticleSystems":true,"showVisualEffectGraphs":true,"m_FxEnabled":true},"in2DMode":false,"pivot":{"x":-0.007786989212036133,"y":0.0006861686706542969,"z":-0.13172435760498048},"rotation":{"x":0.06015865132212639,"y":0.9002646207809448,"z":-0.41049155592918398,"w":0.13193964958190919},"size":3.37548828125,"orthographic":true}