{"cameraMode":{"drawMode":31,"name":"Sprite Mask","section":"Miscellaneous"},"sceneLighting":false,"audioPlay":false,"sceneViewState":{"m_AlwaysRefresh":false,"showFog":true,"showSkybox":false,"showFlares":true,"showImageEffects":true,"showParticleSystems":true,"showVisualEffectGraphs":true,"m_FxEnabled":true},"in2DMode":false,"pivot":{"x":4.809499740600586,"y":0.634459912776947,"z":7.811999320983887},"rotation":{"x":-0.012247092090547085,"y":-0.5800932049751282,"z":0.008658815175294876,"w":-0.8144473433494568},"size":0.34102070331573489,"orthographic":true}