{"cameraMode":{"drawMode":31,"name":"Sprite Mask","section":"Miscellaneous"},"sceneLighting":false,"audioPlay":false,"sceneViewState":{"m_AlwaysRefresh":false,"showFog":true,"showSkybox":false,"showFlares":true,"showImageEffects":true,"showParticleSystems":true,"showVisualEffectGraphs":true,"m_FxEnabled":true},"in2DMode":false,"pivot":{"x":19.44136619567871,"y":-0.04032784700393677,"z":14.118596076965332},"rotation":{"x":-0.013305380940437317,"y":0.9045230746269226,"z":-0.02854928746819496,"w":-0.42549145221710207},"size":7.622509956359863,"orthographic":true}