{"cameraMode":{"drawMode":31,"name":"Sprite Mask","section":"Miscellaneous"},"sceneLighting":false,"audioPlay":false,"sceneViewState":{"m_AlwaysRefresh":false,"showFog":true,"showSkybox":false,"showFlares":true,"showImageEffects":true,"showParticleSystems":true,"showVisualEffectGraphs":true,"m_FxEnabled":true},"in2DMode":false,"pivot":{"x":19.44136619567871,"y":-0.04032784700393677,"z":14.118596076965332},"rotation":{"x":-0.018354609608650209,"y":0.7622239589691162,"z":-0.02180088683962822,"w":-0.6468374133110046},"size":1.2315030097961426,"orthographic":true}