{"cameraMode":{"drawMode":31,"name":"Sprite Mask","section":"Miscellaneous"},"sceneLighting":false,"audioPlay":false,"sceneViewState":{"m_AlwaysRefresh":false,"showFog":true,"showSkybox":false,"showFlares":true,"showImageEffects":true,"showParticleSystems":true,"showVisualEffectGraphs":true,"m_FxEnabled":true},"in2DMode":false,"pivot":{"x":19.3875675201416,"y":-0.12600000202655793,"z":14.166000366210938},"rotation":{"x":-0.013305380940437317,"y":0.9045230746269226,"z":-0.02854928746819496,"w":-0.42549145221710207},"size":3.701809883117676,"orthographic":true}