{"cameraMode":{"drawMode":31,"name":"Sprite Mask","section":"Miscellaneous"},"sceneLighting":false,"audioPlay":false,"sceneViewState":{"m_AlwaysRefresh":false,"showFog":true,"showSkybox":false,"showFlares":true,"showImageEffects":true,"showParticleSystems":true,"showVisualEffectGraphs":true,"m_FxEnabled":true},"in2DMode":false,"pivot":{"x":0.021765947341918947,"y":0.1950938105583191,"z":-0.014453709125518799},"rotation":{"x":0.3040068447589874,"y":-0.4022725522518158,"z":0.14361882209777833,"w":0.8515726923942566},"size":4.585435390472412,"orthographic":true}