{"cameraMode":{"drawMode":31,"name":"Sprite Mask","section":"Miscellaneous"},"sceneLighting":false,"audioPlay":false,"sceneViewState":{"m_AlwaysRefresh":false,"showFog":true,"showSkybox":false,"showFlares":true,"showImageEffects":true,"showParticleSystems":true,"showVisualEffectGraphs":true,"m_FxEnabled":true},"in2DMode":false,"pivot":{"x":-0.05727618932723999,"y":0.009336963295936585,"z":-0.08319582045078278},"rotation":{"x":-0.1566684991121292,"y":0.7564245462417603,"z":-0.19621668756008149,"w":-0.6039682626724243},"size":0.3690096437931061,"orthographic":true}