{"cameraMode":{"drawMode":31,"name":"Sprite Mask","section":"Miscellaneous"},"sceneLighting":false,"audioPlay":false,"sceneViewState":{"m_AlwaysRefresh":false,"showFog":true,"showSkybox":false,"showFlares":true,"showImageEffects":true,"showParticleSystems":true,"showVisualEffectGraphs":true,"m_FxEnabled":true},"in2DMode":false,"pivot":{"x":-0.03558778762817383,"y":-0.039080679416656497,"z":0.06215721368789673},"rotation":{"x":-0.1566684991121292,"y":0.7564245462417603,"z":-0.19621668756008149,"w":-0.6039682626724243},"size":1.715874195098877,"orthographic":true}