{"cameraMode":{"drawMode":31,"name":"Sprite Mask","section":"Miscellaneous"},"sceneLighting":false,"audioPlay":false,"sceneViewState":{"m_AlwaysRefresh":false,"showFog":true,"showSkybox":false,"showFlares":true,"showImageEffects":true,"showParticleSystems":true,"showVisualEffectGraphs":true,"m_FxEnabled":true},"in2DMode":false,"pivot":{"x":-0.014917254447937012,"y":0.9165306091308594,"z":-0.03774070739746094},"rotation":{"x":-0.003518628655001521,"y":-0.2161029577255249,"z":-0.000778603192884475,"w":0.9763873815536499},"size":3.2972335815429689,"orthographic":true}