{"cameraMode":{"drawMode":31,"name":"Sprite Mask","section":"Miscellaneous"},"sceneLighting":false,"audioPlay":false,"sceneViewState":{"m_AlwaysRefresh":false,"showFog":true,"showSkybox":false,"showFlares":true,"showImageEffects":true,"showParticleSystems":true,"showVisualEffectGraphs":true,"m_FxEnabled":true},"in2DMode":false,"pivot":{"x":104.19760131835938,"y":3.0311965942382814,"z":100.62368774414063},"rotation":{"x":0.5982845425605774,"y":-0.008413649164140225,"z":0.006281471811234951,"w":0.8012182116508484},"size":121.69194793701172,"orthographic":true}