{"cameraMode":{"drawMode":31,"name":"Sprite Mask","section":"Miscellaneous"},"sceneLighting":false,"audioPlay":false,"sceneViewState":{"m_AlwaysRefresh":false,"showFog":true,"showSkybox":false,"showFlares":true,"showImageEffects":true,"showParticleSystems":true,"showVisualEffectGraphs":true,"m_FxEnabled":true},"in2DMode":false,"pivot":{"x":-0.010596871376037598,"y":0.004230499267578125,"z":0.015518665313720703},"rotation":{"x":-0.1566684991121292,"y":0.7564245462417603,"z":-0.19621668756008149,"w":-0.6039682626724243},"size":2.9556884765625,"orthographic":true}