{"cameraMode":{"drawMode":31,"name":"Sprite Mask","section":"Miscellaneous"},"sceneLighting":false,"audioPlay":false,"sceneViewState":{"m_AlwaysRefresh":false,"showFog":true,"showSkybox":false,"showFlares":true,"showImageEffects":true,"showParticleSystems":true,"showVisualEffectGraphs":true,"m_FxEnabled":true},"in2DMode":false,"pivot":{"x":104.55999755859375,"y":0.5899999737739563,"z":124.16000366210938},"rotation":{"x":0.011295031756162644,"y":-0.7865418791770935,"z":0.6172710657119751,"w":0.014391673728823662},"size":0.2006639838218689,"orthographic":true}